pharmacy_name,pharmacist_in_charge,pharmacy_address,Town
A.M. Pharmacy Pte Ltd,SEOW LEE BOON MRS CABALLES,"150, ORCHARD ROAD, #04-06, ORCHARD PLAZA, SG(238841)",Orchard
Airport Pharmacy,Linson Valencia Nazareno,"10, AIRPORT BOULEVARD, #02-55-56, CHANGI AIRPORT TERMINAL 4, SG(819665)",Changi
Alchemy Pharmacy,Chang Pui Ye Jinny,"258, PASIR RIS STREET 21, #01-14, LOYANG POINT, SG(510258)",Pasir Ris
Alexandra Hospital Retail Pharmacy,Boon Choon Pei,"378, ALEXANDRA ROAD, #01-00, ALEXANDRA HOSPITAL, SG(159964)",Queenstown
Amber Compounding Pharmacy Pte Ltd,Wee Shir Li Jayne,"221, SOUTH BRIDGE ROAD, #01-00, SG(058770)",Outram
Bright Vision Hospital Pharmacy,Quek Chung Ling,"5, LORONG NAPIRI, #02-08, BRIGHT VISION HOSPITAL, SG(547530)",Hougang
CGH Pharmacy B,Lim Siew Luang,"2, SIMEI STREET 3, CHANGI GENERAL HOSPITAL, SG(529889)",Tampines
"Child Guidance Clinic, Health Promotion Board",Nani Harsono Ng Siu Hun,"3, SECOND HOSPITAL AVENUE, #03-01, HEALTH PROMOTION BOARD, SG(168937)",Hougang
Clinic B Pharmacy,SOH LAY BENG (MS),"10, BUANGKOK VIEW, #01-BLK 1, INSTITUTE OF MENTAL HEALTH, SG(539747)",Hougang
Community Wellness Clinic Queenstown Pharmacy,Yen Lee Chen,"580, STIRLING ROAD, #04-00, QUEENSTOWN POLYCLINIC, SG(148958)",Queenstown
Essentials Pharmacy,Teeranun Rodsiri,"101, UPPER CROSS STREET, #01-23, PEOPLE'S PARK CENTRE, SG(058357)",Outram
Farrer Park Pharmacy,Tan Chong Lip,"1, FARRER PARK STATION ROAD, #01-03, CONNEXION, SG(217562)",Rochor
GLENEAGLES HOSPITAL,Nur Shahida Binte Ahmad,"6A, NAPIER ROAD, #02-00, GLENEAGLES HOSPITAL, SG(258500)",Tanglin
GRACE HEALTHCARE,CHAN WENG TZEE STEVEN,"634, BUKIT BATOK CENTRAL, #01-110, SG(650634)",Bukit Batok
Guardian Pharmacy ( Waterway Point),Huang Peien Esther,"83, PUNGGOL CENTRAL, #B1-04, WATERWAY POINT, SG(828761)",Punggol
Guardian Pharmacy (313 @ Somerset),CHEONG HAN REN EDWIN,"313, ORCHARD ROAD, #B3-13-14, 313 @ SOMERSET, SG(238895)",Orchard
Guardian Pharmacy (Amara Hotel),Ong Lee Yen,"100, TRAS STREET, #02-09, 100 AM, SG(079027)",Downtown Core
Guardian Pharmacy (Ang Mo Kio 3),CHENG SHI THENG SARAH,"704, ANG MO KIO AVENUE 8, #01-2559C, SG(560704)",Ang Mo Kio
Guardian Pharmacy (Ang Mo Kio Hub),Liaw Liong Chyuan (Liao Liangquan),"53, ANG MO KIO AVENUE 3, #B2-01/02, AMK HUB, SG(569933)",Ang Mo Kio
Guardian Pharmacy (BISHAN BLK 512),ONG QI JUN,"512, BISHAN STREET 13, #01-524, SG(570512)",Bishan
Guardian Pharmacy (Bedok Central),Tan Ming Ming (Ms),"210, NEW UPPER CHANGI ROAD, #01-715, SG(460210)",Bedok
Guardian Pharmacy (Bedok Mall),TAN EE LIAN,"311, NEW UPPER CHANGI ROAD, #B2-45-47, BEDOK MALL, SG(467360)",Bedok
Guardian Pharmacy (Bishan Place),HO HUI MIN,"9, BISHAN PLACE, #B1-08, JUNCTION 8 SHOPPING CENTRE, SG(579837)",Bishan
Guardian Pharmacy (Bugis Junction 3),CELESTINE TAN SI YAN,"200, VICTORIA STREET, #B1-20/21, BUGIS JUNCTION, SG(188021)",Downtown Core
Guardian Pharmacy (Bugis MRT),IVY CHIEN YIK CHUN,"220, VICTORIA STREET, #B1-01, BUGIS MRT STATION, SG(188022)",Downtown Core
Guardian Pharmacy (Bukit Panjang Plaza),LEE WEN SIN,"1, JELEBU ROAD, #01-01/02/03, BUKIT PANJANG PLAZA, SG(677743)",Bukit Panjang
Guardian Pharmacy (Canberra Plaza),TEO YI LIANG,"133, CANBERRA VIEW, #01-17-18, SG(750133)",Sembawang
Guardian Pharmacy (Causeway Point),Wong Chee Peng,"1, WOODLANDS SQUARE, #B1-28-30, CAUSEWAY POINT, SG(738099)",Woodlands
Guardian Pharmacy (Changi T3 Basement 2 North),Ooi Xiew Hoi,"65, AIRPORT BOULEVARD, #B2-24, CHANGI AIRPORT TERMINAL 3, SG(819663)",Changi
Guardian Pharmacy (Chinatown Point 4),CHRISTINA LAU IK MEE,"133, NEW BRIDGE ROAD, #B1-34, CHINATOWN POINT, SG(059413)",Outram
Guardian Pharmacy (City Square Mall),Lim Chin Soon,"180, KITCHENER ROAD, #B1-18/19, CITY SQUARE MALL, SG(208539)",Kallang
Guardian Pharmacy (Clementi Mall),"ONG JIA MIN, JOY","3155, COMMONWEALTH AVENUE WEST, #03-59/60/61, THE CLEMENTI MALL, SG(129588)",Clementi
Guardian Pharmacy (Clifford Centre 2),Soo Yan Jer,"24, RAFFLES PLACE, #01-19/20/21, CLIFFORD CENTRE, SG(048621)",Downtown Core
Guardian Pharmacy (Compass One),Gay May Lian,"1, SENGKANG SQUARE, #B1-11, COMPASS ONE, SG(545078)",Sengkang
Guardian Pharmacy (Departure 3-South),Yeo Kah Cheng Michelle,"65, AIRPORT BOULEVARD, #02-29, CHANGI AIRPORT TERMINAL 3, SG(819663)",Changi
Guardian Pharmacy (Departure Transit West T1),RODNEY LAU BEEN LOONG,"80, AIRPORT BOULEVARD, #02-16, CHANGI AIRPORT TERMINAL 1, SG(819642)",Changi
Guardian Pharmacy (Funan),YE MIN TUN,"107, NORTH BRIDGE ROAD, #B2-16, SG(179105)",Downtown Core
Guardian Pharmacy (Gleneagles),Tan Yin Yin,"6, NAPIER ROAD, #02-06-08, GLENEAGLES MEDICAL CENTRE, SG(258499)",Tanglin
Guardian Pharmacy (Great World City),Yeyen Gunawan,"1, KIM SENG PROMENADE, #B1-122/123/124/125, GREAT WORLD CITY, SG(237994)",Singapore River
Guardian Pharmacy (H205),Toh Shi Yun Nelley,"205, HOUGANG STREET 21, #01-129, HEARTLAND MALL- KOVAN, SG(530205)",Hougang
Guardian Pharmacy (Harbourfront Centre),Ms Lam Cheng Yi,"1, MARITIME SQUARE, #02-111/112, HARBOURFRONT CENTRE, SG(099253)",Bukit Merah
Guardian Pharmacy (Holland Shopping Centre),TAN WEI XUN,"211, HOLLAND AVENUE, #01-10/11, HOLLAND ROAD SHOPPING CENTRE, SG(278967)",Bukit Timah
Guardian Pharmacy (Hougang Mall),"SIM HWEE YIN, VIVIANNE","90, HOUGANG AVENUE 10, #B1-31, HOUGANG MALL, SG(538766)",Hougang
Guardian Pharmacy (IMM2),FENG YANG,"2, JURONG EAST STREET 21, #01-56/57, IMM BUILDING, SG(609601)",Jurong East
Guardian Pharmacy (ION),Cai Ziqin,"2, ORCHARD TURN, #B4-02, ION ORCHARD, SG(238801)",Orchard
Guardian Pharmacy (International Building),SOPHIA HENRY GOENAWAN,"360, ORCHARD ROAD, #01-18, INTERNATIONAL BUILDING, SG(238869)",Orchard
Guardian Pharmacy (JEM),Siti Azza Binte Ali,"50, JURONG GATEWAY ROAD, #B1-16/17, JEM, SG(608549)",Jurong East
Guardian Pharmacy (Jelita),Lee Wai Fong,"293, HOLLAND ROAD, #02-10, COLD STORAGE JELITA, SG(278628)",Bukit Timah
Guardian Pharmacy (Jurong Point 2),SOH JIA SHING,"63, JURONG WEST CENTRAL 3, #B1-27/28, JURONG POINT, SG(648331)",Jurong West
Guardian Pharmacy (Jurong West Blk 503),Ng Siow Tian,"503, JURONG WEST AVENUE 1, #01-845, HONG KAH COURT, SG(640503)",Jurong West
Guardian Pharmacy (LOT 1),"LIM CHENG TENG, ERICA","21, CHOA CHU KANG AVENUE 4, #B1-26/27, LOT ONE, SHOPPERS' MALL, SG(689812)",Choa Chu Kang
Guardian Pharmacy (Lavender MRT Station),Yip Kok Foo,"50, KALLANG ROAD, #B1-01, LAVENDER MRT STATION, SG(208699)",Kallang
Guardian Pharmacy (Le Quest),JESSICA TEO JIA LEI,"4, BUKIT BATOK STREET 41, #01-58/59/60, LE QUEST, SG(657991)",Bukit Batok
Guardian Pharmacy (Marina Bay Sands),Foo Lee Sun,"2, BAYFRONT AVENUE, #B2-49, MARINA BAY SANDS, SG(018972)",Downtown Core
Guardian Pharmacy (Mount Elizabeth),Mohamed Imran Bin Sahabdeen,"3, MOUNT ELIZABETH, #02-10/11, MOUNT ELIZABETH HOSPITAL, SG(228510)",Orchard
Guardian Pharmacy (Northpoint),Chua Fang,"930, YISHUN AVENUE 2, #B1-02/03, SG(769098)",Yishun
Guardian Pharmacy (Novena Hospital),Ong Kheng Soon Alvin,"38, IRRAWADDY ROAD, #01-08/09/10/11, SG(329563)",Novena
Guardian Pharmacy (Novena Square),Knaggs John,"238, THOMSON ROAD, #01-31, NOVENA SQUARE, SG(307683)",Novena
Guardian Pharmacy (Oasis Terrace),Hoe Chooi Fong,"681, PUNGGOL DRIVE, #01-22/23/24/25, SG(820681)",Punggol
Guardian Pharmacy (Our Tampines Hub),PHEY XIANG YUN,"1, TAMPINES WALK, #B1-29, OUR TAMPINES HUB, SG(528523)",Tampines
Guardian Pharmacy (Paragon),Tan Wee Jin,"290, ORCHARD ROAD, #B1-20/24, THE PARAGON, SG(238859)",Orchard
Guardian Pharmacy (Parkway Parade),Cheng Joo Jian Milton,"80, MARINE PARADE ROAD, #B1-147-149/155A, PARKWAY PARADE, SG(449269)",Marine Parade
Guardian Pharmacy (Paya Lebar Quarter),LIAW WAN TING,"10, PAYA LEBAR ROAD, #B2-01 & 35, PLQ MALL, SG(409057)",Geylang
Guardian Pharmacy (Plaza Singapura),FELICIA CHIA SI YA,"68, ORCHARD ROAD, #B2-13-14, PLAZA SINGAPURA, SG(238839)",Museum
Guardian Pharmacy (Raffles City),Rosales Roman Lester Esplana,"252, NORTH BRIDGE ROAD, #B1-01, RAFFLES CITY SHOPPING CENTRE, SG(179103)",Downtown Core
Guardian Pharmacy (Raffles Place MRT 3),Valentino Cosic,"5, RAFFLES PLACE, #B1-37-40/43-45, RAFFLES PLACE MRT STATION, SG(048618)",Downtown Core
Guardian Pharmacy (Seletar Mall),ANG XIU HUI,"33, SENGKANG WEST AVENUE, #B1-10/11, THE SELETAR MALL, SG(797653)",Sengkang
Guardian Pharmacy (Serangoon Garden),Lin Fangyun,"66, SERANGOON GARDEN WAY, #00-00, SERANGOON GARDEN ESTATE, SG(555962)",Serangoon
Guardian Pharmacy (Serangoon NEX),Yap Wai Leng,"23, SERANGOON CENTRAL, #B1-62/63, NEX, SG(556083)",Serangoon
Guardian Pharmacy (Star Vista),Ms Uma Mageswari Sellvaraj,"1, VISTA EXCHANGE GREEN, #B1-16, THE STAR, SG(138617)",Queenstown
Guardian Pharmacy (Sun Plaza 2),Ms Lim Xin Hui,"30, SEMBAWANG DRIVE, #B1-11, SUN PLAZA, SG(757713)",Sembawang
Guardian Pharmacy (Suntec City),Mr Soh Deren,"3, TEMASEK BOULEVARD, #02-328/329, SUNTEC CITY MALL, SG(038983)",Downtown Core
Guardian Pharmacy (Suntec City-Giant),MARIE CHEN LI WEN,"3, TEMASEK BOULEVARD, #B1-152-159, SUNTEC CITY MALL, SG(038983)",Downtown Core
Guardian Pharmacy (Tai Seng Street),LIM YANG CHIN,"18, TAI SENG STREET, #01-19-21, 18 TAI SENG, SG(539775)",Hougang
Guardian Pharmacy (Takashimaya S. C. ),Chang Yung Yung,"391, ORCHARD ROAD, #B2-15-23, NGEE ANN CITY, SG(238872)",Orchard
Guardian Pharmacy (Tampines MRT),VALERIAN NEO ZHEN NING,"20, TAMPINES CENTRAL 1, #01-01, TAMPINES MRT STATION, SG(529538)",Tampines
Guardian Pharmacy (Tampines Mall),"LEE RONG EN, SHAWN","4, TAMPINES CENTRAL 5, #B1-18/19, TAMPINES MALL, SG(529510)",Tampines
Guardian Pharmacy (The Centrepoint),Hon Jan Yee,"176, ORCHARD ROAD, #B1-01/02/03/04, THE CENTREPOINT, SG(238843)",Orchard
Guardian Pharmacy (The Poiz Centre),NUH SYAHIRAN B MASLI,"51, UPPER SERANGOON ROAD, #01-23/24, THE POIZ CENTRE, SG(347697)",Toa Payoh
Guardian Pharmacy (Thomson),LEE CHIAWLI,"301, UPPER THOMSON ROAD, #03-28, THOMSON PLAZA, SG(574408)",Bishan
Guardian Pharmacy (Tiong Bahru MRT),CHARMAINE NEO,"300, TIONG BAHRU ROAD, #B1-01, TIONG BAHRU MRT STATION, SG(168731)",Bukit Merah
Guardian Pharmacy (Tiong Bahru Plaza),DAPHNE WONG YIING PING,"302, TIONG BAHRU ROAD, #B1-125, TIONG BAHRU PLAZA, SG(168732)",Bukit Merah
Guardian Pharmacy (Toa Payoh Blk 190),WANG HUI,"190, LORONG 6 TOA PAYOH, #01-578, SG(310190)",Toa Payoh
Guardian Pharmacy (United Square 2),CYNTHIA HO GUEK KEOW,"101, THOMSON ROAD, #B1-28, UNITED SQUARE, SG(307591)",Novena
Guardian Pharmacy (Vivo),WU WEIJIE,"1, HARBOURFRONT WALK, #02-79, VIVO CITY, SG(098585)",Bukit Merah
Guardian Pharmacy (WRS),LIM JIA YEN JAIME,"21, TAMPINES NORTH DRIVE 2, #01-01, GIANT, SG(528765)",Tampines
Guardian Pharmacy (West Mall),Quan Silver,"1, BUKIT BATOK CENTRAL LINK, #01-27, WEST MALL, SG(658713)",Bukit Batok
Guardian Pharmacy (Westgate),LEE WAN YU,"3, GATEWAY DRIVE, #B1-20, WESTGATE, SG(608532)",Jurong East
Guardian Pharmacy (White Sands Mall),Ling Looi Sze,"1, PASIR RIS CENTRAL STREET 3, #01-12, SG(518457)",Pasir Ris
Guardian Pharmacy (Yew Tee MRT),GAN TING RUI GLADYS,"61, CHOA CHU KANG DRIVE, #01-02A, YEW TEE MRT STATION, SG(689715)",Choa Chu Kang
Guardian Pharmacy (Zhongshan Park),MEGAN TAN KHAI KHEE,"20, AH HOOD ROAD, #01-20/21, ZHONGSHAN MALL, SG(329984)",Novena
Haematology Pharmacy (Block 7),NG HONG YEN,"1, HOSPITAL DRIVE, #02-00, SINGAPORE GENERAL HOSPITAL, SG(169608)",Bukit Merah
Healing Hub @ Ang Mo Kio - Thye Hua Kwan Hospital,Tan Yongqiang (Chen Yongqiang),"17, ANG MO KIO AVENUE 9, #01-00, ANG MO KIO COMMUNITY HOSPITAL, SG(569766)",Ang Mo Kio
Jurong Community Hospital Pharmacy,Quek Hui Chen,"1, JURONG EAST STREET 21, #01, SG(609606)",Jurong East
Jurong Medical Centre Pharmacy,Fung Kar Yen,"60, JURONG WEST CENTRAL 3, #01-08, SG(648346)",Jurong West
KK Emergency Pharmacy,Go Hui Jia (Wu Huijia),"100, BUKIT TIMAH ROAD, #B1-0V92A, KK WOMEN'S AND CHILDREN'S HOSPITAL, SG(229899)",Kallang
KK Outpatient Pharmacy,Ng Ai Shing,"100, BUKIT TIMAH ROAD, #01-1R20A, KK WOMEN'S AND CHILDREN'S HOSPITAL, SG(229899)",Kallang
Khoo Teck Puat Hospital Pharmacy,Supadhara Ramaiyah,"90, YISHUN CENTRAL, #LVL 1-TOWER C, KHOO TECK PUAT HOSPITAL, SG(768828)",Yishun
MEDI-LINK PHARMACY,CHEONG PENG YIANG,"803, KING GEORGE'S AVENUE, #02-182, SG(200803)",Kallang
MOHAMED MUSTAFA & SAMSUDDIN CO PTE LTD (MUSTAFA CENTRE),Ganesan Manikam,"145, SYED ALWI ROAD, #01-00, MUSTAFA CENTRE, SG(207704)",
MOUNT ELIZABETH NOVENA HOSPITAL PHARMACY,CHUA HUI LING,"38, IRRAWADDY ROAD, #04-00, SG(329563)",
MT ALVERNIA HOSPITAL RETAIL PHARMACY,KOH CHANG CHERN,"820, THOMSON ROAD, #01-00 MAIN BLGD, MOUNT ALVERNIA HOSPITAL, SG(574623)",
MUSTAFA PHARMACY,Poon Kin Chye Philip,"171, SYED ALWI ROAD, #01-00, MUSTAFA CENTRE, SG(207713)",
Manapharma Pharmacy,ENG MIN HAO,"356, HOUGANG AVENUE 7, #01-799, SG(530356)",
Mount Alvernia Hospital (Main Pharmacy),Looi Cheng Kui,"820, THOMSON ROAD, #02-29, MOUNT ALVERNIA HOSPITAL, SG(574623)",
Mount Elizabeth Hospital,Chua Siok Luan Lydia,"3, MOUNT ELIZABETH, #02-00, MOUNT ELIZABETH HOSPITAL, SG(228510)",
NATIONAL CANCER CENTRE PHARMACY (LEVEL 1),CHANG YOK YING (MS),"11, HOSPITAL DR, SG(169610)",
NATIONAL CANCER CENTRE PHARMACY (LEVEL 3),NG HUI CHENG (MS),"11, HOSPITAL DR, SG(169610)",
NATIONAL HEART CENTRE PHARMACY,Teo Siew Chong,"5, HOSPITAL DRIVE, #02-00, NATIONAL HEART CENTRE OF SINGAPORE, SG(169609)",
NATIONAL SKIN CENTRE (S) PTE LTD (PHARMACY),LIM LEE FOON (MS),"1, MANDALAY RD, SG(308205)",
NATIONAL UNIVERSITY HOSPITAL(S) PTE LTD (MEDICAL CENTRE PHARMACY),Goh Xiao Ling,"1, LOWER KENT RIDGE ROAD, #03--, NUH MEDICAL CENTRE, SG(119082)",
NHG Pharmacy (CCK Polyclinic),Pang Pei Ching,"2, TECK WHYE CRESCENT, CHOA CHU KANG POLYCLINIC, SG(688846)",
National Addiction Management Services (NAMS) Clinic Pharmacy,Ng Swee Khoon Raymond,"10, BUANGKOK VIEW, #B1-BLK 9, INSTITUTE OF MENTAL HEALTH, SG(539747)",
National Centre for Infectious Disease (Outpatient Pharmacy),Law Hwa Lin,"16, JALAN TAN TOCK SENG, #01-00, SG(308442)",
National Healthcare Group Pharmacy (Ang Mo Kio),Khong Lai Kam,"21, ANG MO KIO CENTRAL 2, #02-00, ANG MO KIO POLYCLINIC, SG(569666)",
National Healthcare Group Pharmacy (Bukit Batok),Sanisah Binte Mohd,"50, BUKIT BATOK WEST AVE 3, SG(659164)",
National Healthcare Group Pharmacy (Clementi),NUR'AIN BTE ABDUL MANAN,"451, CLEMENTI AVENUE 3, #02-307, SG(120451)",
National Healthcare Group Pharmacy (Geylang),Char Wai Teng Cheryl,"21, GEYLANG EAST CENTRAL, #02-00, GEYLANG POLYCLINIC, SG(389707)",
National Healthcare Group Pharmacy (Hougang),Ng Ke Li,"89, HOUGANG AVE 4, SG(538829)",
National Healthcare Group Pharmacy (Jurong),TOH SHI YUN,"190, JURONG EAST AVENUE 1, #01-00, JURONG POLYCLINIC, SG(609788)",
National Healthcare Group Pharmacy (Pioneer),Ho Caihong Grace (He Caihong Grace),"26, JURONG WEST STREET 61, #02-00, PIONEER POLYCLINIC, SG(648201)",
National Healthcare Group Pharmacy (Queenstown),Weng Wanyu,"580, STIRLING ROAD, #02-00, QUEENSTOWN POLYCLINIC, SG(148958)",
National Healthcare Group Pharmacy (Toa Payoh),Hai Wei Ying,"2003, LORONG 8 TOA PAYOH, #00-00, TOA PAYOH POLYCLINIC, SG(319260)",
National Healthcare Group Pharmacy (Woodlands),Tan Lay Khim Clara,"10, WOODLANDS STREET 31, #01, WOODLANDS POLYCLINIC, SG(738579)",
National Healthcare Group Pharmacy (Yishun),Siti Ainon Binte Muhammad Hussein,"2, YISHUN AVENUE 9, #02-00, YISHUN POLYCLINIC, SG(768898)",
National University Hospital (s) Pte Ltd (Pharmacy @ NCIS),Wong Yuet Peng,"1, LOWER KENT RIDGE ROAD, #9-00, NUH MEDICAL CENTRE, SG(119082)",
National University Hospital - Kent Ridge Wing Pharmacy,Munesy Doraisamy,"5, LOWER KENT RIDGE ROAD, #03--, NATIONAL UNIVERSITY HOSPITAL, SG(119074)",
Ng Teng Fong General Hospital Outpatient & Retail Pharmacy,Liew Kim Ngee Kimmy,"1, JURONG EAST STREET 21, #L2-TOWER A, SG(609606)",
Nishino Pharmacy (Shaw House),Yan Mei Lin Lindy,"350, ORCHARD ROAD, #B1-00, SHAW HOUSE, SG(238868)",
Nishino Pharmacy (Takashimaya),Yeoh Yeak Siong,"391A, ORCHARD ROAD, #B201-7, NGEE ANN CITY TOWER A, SG(238873)",
P & L Pharmacy Pte Ltd,PHUA NGEE CHENG,"19, TANGLIN ROAD, #01-40, TANGLIN SHOPPING CENTRE, SG(247909)",
PACIFIC PHARMACY PTE LTD,Ng Hui Ting,"353, JURONG EAST STREET 31, #01-105, YUHUA PLACE, SG(600353)",
PARKWAY EAST HOSPITAL PHARMACY,Yeo Sock Ling Jocelyn,"321, JOO CHIAT PLACE, #01-01, PARKWAY EAST HOSPITAL, SG(427990)",
PHARMACY @ CGH MEDICAL CENTRE,Ng Chang Chyi,"2A, SIMEI STREET 3, #01-00, CHANGI GENERAL HOSPITAL, SG(529906)",
"Pharmacy Services Centre, NHG (Blk 9)",Chong Jiun Yih,"10, BUANGKOK VIEW, #1-00, INSTITUTE OF MENTAL HEALTH, SG(539747)",
"Pharmacy@IB, CGH (The Integrated Building)",Lim Wee Heng,"2, SIMEI STREET 3, #J1-01, CHANGI GENERAL HOSPITAL, SG(529889)",
Poisson Pharmacy,POH GANG QUAN,"682, RACE COURSE ROAD, #01-323, SG(210682)",
Princeton Pharmacy (S) Pte Ltd,Tan Ah Bee,"1, CLEMENTI LOOP, #05-02, SG(129808)",
Raffles Health,HANNAH KOH YIH YUN,"585, NORTH BRIDGE ROAD, #01-00, RAFFLES HOSPITAL, SG(188770)",
SGH BOWYER BLOCK PHARMACY,Chiong Sieu Hong,"1, HOSPITAL DRIVE, #01-00, SINGAPORE GENERAL HOSPITAL, SG(169608)",
SGH OUTPATIENT PHARMACY (BLK 3),Ng Mei Ying,"1, HOSPITAL CRESCENT, #01-00, SINGAPORE GENERAL HOSPITAL, SG(169608)",
SGH Retail Pharmacy (Blk 4),Lim Mun Moon,"1, HOSPITAL DRIVE, #01-00, SINGAPORE GENERAL HOSPITAL, SG(169608)",
SINGAPORE NATIONAL EYE CENTRE PTE LTD,LAI HWEI CHING (MS),"11, THIRD HOSPITAL AVE, SG(168751)",
SINGHEALTH POLY-OUTRAM,Lee Wing Yan Angela,"3, SECOND HOSPITAL AVENUE, #02-00, HEALTH PROMOTION BOARD, SG(168937)",
SMITH PHARMACY PTE LTD,Lee Ming Hoong Anne,"55, LENGKOK BAHRU, #01-405, SG(151055)",
ST ANDREW'S COMMUNITY HOSPITAL PHARMACY,LIM SING CHOON,"8, SIMEI STREET 3, #01, SAINT ANDREW'S HOSPITAL, SG(529895)",
ST LUKE'S HOSPITAL BLOCK A,OO EWE WAH,"2, BUKIT BATOK STREET 11, #01-00, SG(659674)",
SUMANG FAMILY PHARMACY,Wong Yeng Shing,"218, SUMANG WALK, #01-06, SG(820218)",
Sengkang General Hospital Outpatient Pharmacy,Yip Wai Ling,"110, SENGKANG EAST WAY, #01-00, SG(544886)",
Singhealth Poly - Bedok,Tay Siew Cheng Sarah,"11, BEDOK NORTH STREET 1, #02-01, HEARTBEAT @ BEDOK, SG(469662)",
Singhealth Poly - Bukit Merah,Chua Liwei,"163, BUKIT MERAH CENTRAL, #04-3565 & 3575, SG(150163)",
Singhealth Poly - Marine Parade,Tang Imel,"80, MARINE PARADE CENTRAL, #01-792, MARINE PARADE PROMENADE, SG(440080)",
Singhealth Poly - Pasir Ris,Huang Yufang,"1, PASIR RIS DRIVE 4, #01-11, SG(519457)",
Singhealth Poly - Punggol,Teo Hui Ling,"681, PUNGGOL DRIVE, #03-01, SG(820681)",
Singhealth Poly - Sengkang,Lee Yu Jie,"2, SENGKANG SQUARE, #01-06, SENGKANG COMMUNITY HUB, SG(545025)",
Singhealth Poly - Tampines,Chan Kuan Cheong,"1, TAMPINES STREET 41, #01-00, TAMPINES POLYCLINIC, SG(529203)",
Specialist Compounding Pharmacy Pte Ltd,Wong Kah Yeen,"20, BIOPOLIS WAY, #01-05, CENTROS, SG(138668)",
TAN TOCK SENG HOSPITAL PTE LTD (EMERGENCY PHARMACY),Lim Bee Tin Elaine,"11, JALAN TAN TOCK SENG, #B1, TAN TOCK SENG HOSPITAL, SG(308433)",
Tan Tock Seng Hospital (Ang Mo Kio Specialist Centre),See Toh Wei Yann (Situ Hui'en),"723, ANG MO KIO AVENUE 8, #01-00, AMK SPECIALIST CENTRE, SG(560723)",
Tan Tock Seng Hospital (Outpatient & Retail Pharmacy),Lim Hong Yee,"11, JALAN TAN TOCK SENG, #B2-00, TAN TOCK SENG HOSPITAL, SG(308433)",
"Tan Tock Seng Hospital (Pharmacy, Level 2)",TAN LI LING,"11, JALAN TAN TOCK SENG, #2, TAN TOCK SENG HOSPITAL, SG(308433)",
"The Japanese Association Clinic, Singapore",Chow Hsun Cheng,"120, ADAM ROAD, JAPANESE CLUB, SG(289899)",
Thomson Medical Centre,Ng Lee Kim,"339, THOMSON ROAD, THOMSON MEDICAL CENTRE, SG(307677)",
UNITY By FairPrice (BN(A)),JULIANA FRANSISCA,"212, BEDOK NORTH STREET 1, #02-147, SG(460212)",
UNITY By FairPrice (BTPZ),CHUANG XUE FEN,"1, JALAN ANAK BUKIT, #B1-01, BUKIT TIMAH PLAZA, SG(588996)",
UNITY By FairPrice (EPT),Xinjin Guo,"3, SIMEI STREET 6, #05-01, EASTPOINT MALL, SG(528833)",
UNITY By FairPrice (HGPT),Lam Cai Hong,"1, HOUGANG STREET 91, #02-01, HOUGANG 1, SG(538692)",
UNITY By FairPrice (HJPT )Hyper Jurong Point,NYIAU WEN JUN,"63, JURONG WEST CENTRAL 3, #03-01, JURONG POINT, SG(648331)",
UNITY By FairPrice (HNEX),Leng Yew Fei,"23, SERANGOON CENTRAL, #03-37/38, NEX, SG(556083)",
UNITY By FairPrice (JPT),NG SHU LING,"1, JURONG WEST CENTRAL 2, #B1-09, JURONG POINT, SG(648886)",
UNITY By FairPrice (KTIB),Lee Wan Xia,"849, YISHUN RING ROAD, #01-3703, KHATIB CENTRAL, SG(760849)",
UNITY By FairPrice (LOT1),THIO CHING JIA,"21, CHOA CHU KANG AVENUE 4, #B1-04/05, LOT ONE, SHOPPERS' MALL, SG(689812)",
UNITY By FairPrice (MP),GURLEEN KAUR,"6, MARINE PARADE CENTRAL, #01-00, MARINE PARADE BRANCH LIBRARY, SG(449411)",
UNITY By FairPrice (NPCT) North Point City,LIM SIOK CHENG BELINDA,"1, NORTHPOINT DRIVE, #B2-103-107, NORTHPOINT CITY, SG(768019)",
UNITY By FairPrice (RVAL),Chen Fangping Alice,"118, RIVERVALE DRIVE, #01-16, RIVERVALE PLAZA, SG(540118)",
UNITY By FairPrice (SPO),Koh Kim Heng Joel,"10, EUNOS ROAD 8, #B1-122, SINGAPORE POST CENTRE, SG(408600)",
UNITY By FairPrice (TGP),CHAI EMILY JARR-YI,"1, TANJONG PAGAR PLAZA, #01-01, SG(082001)",
UNITY By FairPrice (TPO),Tan Mei Yuen,"10, TAMPINES CENTRAL 1, #B1-11/12, TAMPINES ONE, SG(529536)",
UNITY By FairPrice (UARC),CHERYL LIN JIAHUI,"460, ALEXANDRA ROAD, #02-04/05/06, MTOWER, SG(119963)",
UNITY By FairPrice (UBMC),Ng Jia Yi Doreen (Huang Jiayi),"166, BUKIT MERAH CENTRAL, #01-3531, BUKIT MERAH AREA OFFICE, SG(150166)",
UNITY By FairPrice (UBPP),Tay Cong Qi Ian,"1, JELEBU ROAD, #01-06, BUKIT PANJANG PLAZA, SG(677743)",
UNITY By FairPrice (UHBF),WONG SIEW RONG,"1, MARITIME SQUARE, #02-118/119, HARBOURFRONT CENTRE, SG(099253)",
UNITY By FairPrice (UHLC),CANDACE LEE YING ZHEN,"90, HOUGANG AVENUE 10, #B1-35/36, HOUGANG MALL, SG(538766)",
UNITY By FairPrice (UHLM),ONG RISHENG,"17, PETIR ROAD, #B2-64/65, HILLION MALL, SG(678278)",
UNITY By FairPrice (UJX8),LEONG JING YI,"9, BISHAN PLACE, #B1-16, JUNCTION 8 SHOPPING CENTRE, SG(579837)",
UNITY By FairPrice (UPSG),KADY LEE PEIK YEE,"68, ORCHARD ROAD, #B2-20A, PLAZA SINGAPURA, SG(238839)",
UNITY By FairPrice (USMA),HIEW KOO WEE,"33, SENGKANG WEST AVENUE, #B2-16/17/18, THE SELETAR MALL, SG(797653)",
UNITY By FairPrice (UTP2),KOH PEK HAR,"510, LORONG 6 TOA PAYOH, #B1-02, TOA PAYOH MRT STATION, SG(319398)",
UNITY By FairPrice (UWGA),Sinthu d/o Samikkannu,"3, GATEWAY DRIVE, #B1-21, WESTGATE, SG(608532)",
UNITY By FairPrice (UWIS) Wisma Atria,Teong Kar Loon,"435, ORCHARD ROAD, #B1-06/08, WISMA ATRIA, SG(238877)",
UNITY By FairPrice (UWSA),Chua Rui Min,"1, PASIR RIS CENTRAL STREET 3, #B1-02, SG(518457)",
UNITY By FairPrice (UWWP),Lim Zhi Ying,"83, PUNGGOL CENTRAL, #B2-26, WATERWAY POINT, SG(828761)",
UNITY By Fairprice (CLML),Lee Xin Edwin (Li Xin Edwin),"3155, COMMONWEALTH AVENUE WEST, #B1-11, THE CLEMENTI MALL, SG(129588)",
UNITY By Fairprice (YTP),KUIK WEIJIAN,"21, CHOA CHU KANG NORTH 6, #B1-08/09, YEWTEE POINT, SG(689578)",
Unity By FairPrice (HSPH) Sports Hub,Ng Boon Khiang (Huang Wenqiang),"1, STADIUM PLACE, #01-29, SG(397628)",
Unity By Fairprice (111S) Tripleone Somerset,"Lim Li, June","111, SOMERSET ROAD, #01-01/02, 21-30, TRIPLEONE SOMERSET, SG(238164)",
Unity By Fairprice (HAMK) AMK HUB,BENJAMIN LEOW CHANG LIANG,"53, ANG MO KIO AVENUE 3, #B2-40, AMK HUB, SG(569933)",
Unity By Fairprice (HPWP) Hyper Parkway Parade,CHAN LI MIN CAROLYN,"80, MARINE PARADE ROAD, #03-28, PARKWAY PARADE, SG(449269)",
Unity By Fairprice (UCWP) Causeway Point,Tan Yoke Khoon,"1, WOODLANDS SQUARE, #01-33, CAUSEWAY POINT, SG(738099)",
Unity By Fairprice (UNVS) Novena Square,LIM CINNY,"238, THOMSON ROAD, #01-11, NOVENA SQUARE, SG(307683)",
Unity By Fairprice (UVVO) Vivo City,Grace Yeo Pei Hern (Grace Yang Peiheng),"1, HARBOURFRONT WALK, #01-23, VIVO CITY, SG(098585)",
Unity by Fairprice Thomson Plaza (UTSZ),Tan Soo Tong,"301, UPPER THOMSON ROAD, #01-100/101, THOMSON PLAZA, SG(574408)",
Urgent Care Centre @ Admiralty Pharmacy,Isabelle Teo,"676, WOODLANDS DRIVE 71, #01-01, SG(730676)",
Vivahealth Pharmacy Pte Ltd,Tan Meng Chin,"36, BEO CRESCENT, #01-31, THE BEO CRESCENT, SG(160036)",
WATSON'S PERSONAL CARE STORES PTE LTD (WATERWAY POINT),NG ZHU BIN,"83, PUNGGOL CENTRAL, #B1-31 TO 32, WATERWAY POINT, SG(828761)",
WATSONS PERSONAL CARE STORES (TIONG BAHRU PLAZA),SOFIA BARVIN BINTE MOHAMED RAFICK,"302, TIONG BAHRU ROAD, #01-131 TO 132, TIONG BAHRU PLAZA, SG(168732)",
WESTMEAD PHARMACY PTE LTD,FOO AH LAN JOYCE,"91, ALPS AVENUE, #03-10, LIAN SOON AMENITY CENTRE, SG(498787)",
WOODS PHARMACY PTE LTD,Shanavas Rusana Banu,"4, WOODLANDS STREET 12, #02-19, SG(738623)",
Watson's Personal Care Store Pte Ltd (Lucky Plaza),Ong Heng Boon,"304, ORCHARD ROAD, #B1-26-30/39-42, LUCKY PLAZA, SG(238863)",
Watson's Personal Care Stores Pte Ltd (Bedok Mall),TAN SENG HUR LESTER,"311, NEW UPPER CHANGI ROAD, #B2-12/13, BEDOK MALL, SG(467360)",
Watson's Personal Care Stores Pte Ltd (Bugis Junction),Ng Lye Yeung,"200, VICTORIA STREET, #02-29 TO 33/33A, BUGIS JUNCTION, SG(188021)",
Watson's Personal Care Stores Pte Ltd (Bukit Panjang Plaza),MIAO JING,"1, JELEBU ROAD, #01-30/31, BUKIT PANJANG PLAZA, SG(677743)",
Watson's Personal Care Stores Pte Ltd (Causeway Point),Lim Su Yin,"1, WOODLANDS SQUARE, #B1-14/15, CAUSEWAY POINT, SG(738099)",
Watson's Personal Care Stores Pte Ltd (Clementi Mall),Goh Xin Ling,"3155, COMMONWEALTH AVENUE WEST, #B1-37/38/39, THE CLEMENTI MALL, SG(129588)",
Watson's Personal Care Stores Pte Ltd (Compass One),SHARMAINE CHENG JING YI,"1, SENGKANG SQUARE, #02-09, COMPASS ONE, SG(545078)",
Watson's Personal Care Stores Pte Ltd (Great World City),Lu Siu Ying,"1, KIM SENG PROMENADE, #B1-118 TO 121, GREAT WORLD CITY, SG(237994)",
Watson's Personal Care Stores Pte Ltd (Heartbeat@bedok),Lee Weng Chee,"11, BEDOK NORTH STREET 1, #01-08 TO 10, HEARTBEAT @ BEDOK, SG(469662)",
Watson's Personal Care Stores Pte Ltd (Hougang Mall),SITI RAHIL BINTE MOHD YUSSOF,"90, HOUGANG AVENUE 10, #03-02, HOUGANG MALL, SG(538766)",
Watson's Personal Care Stores Pte Ltd (IMM),POW SIOK HOON,"2, JURONG EAST STREET 21, #01-54/55, IMM BUILDING, SG(609601)",
Watson's Personal Care Stores Pte Ltd (International Plaza),Tan Hui Lee,"10, ANSON ROAD, #01-62-67, INTERNATIONAL PLAZA, SG(079903)",
Watson's Personal Care Stores Pte Ltd (Jem),SHIREEN SAM PUI SAN,"50, JURONG GATEWAY ROAD, #B1-07, JEM, SG(608549)",
Watson's Personal Care Stores Pte Ltd (Jewel Changi Airport),COLIN TANG WEI QIANG,"78, AIRPORT BOULEVARD, #B2-217/218, SG(819666)",
Watson's Personal Care Stores Pte Ltd (Junction 8),Chung Shing Han Sharon,"9, BISHAN PLACE, #02-45/46, JUNCTION 8 SHOPPING CENTRE, SG(579837)",
Watson's Personal Care Stores Pte Ltd (Jurong Point),Chieng Lee Dee,"1, JURONG WEST CENTRAL 2, #B1-12/13, JURONG POINT, SG(648886)",
Watson's Personal Care Stores Pte Ltd (Marina Bay Financial Centre),Catherine Fu,"8A, MARINA BOULEVARD, #B2-57/58/59, MARINA BAY LINK MALL, SG(018984)",
Watson's Personal Care Stores Pte Ltd (Marina Square),Kng Li Lin Grace,"6, RAFFLES BOULEVARD, #02-212, MARINA SQUARE, SG(039594)",
Watson's Personal Care Stores Pte Ltd (NEX),Yeang Siew Fong,"23, SERANGOON CENTRAL, #02-57, NEX, SG(556083)",
Watson's Personal Care Stores Pte Ltd (Ngee Ann City),Chung Wing Lam,"391, ORCHARD ROAD, #B2-06-10, NGEE ANN CITY, SG(238872)",
Watson's Personal Care Stores Pte Ltd (North Point),Tan Siaw Chyng,"1, NORTHPOINT DRIVE, #B1-161/162/163/164, NORTHPOINT CITY, SG(768019)",
Watson's Personal Care Stores Pte Ltd (Novena Square),LOW YI TING,"238, THOMSON ROAD, #02-05 TO 09, NOVENA SQUARE, SG(307683)",
Watson's Personal Care Stores Pte Ltd (One@Kentridge),YAP CHAI YEE,"1, LOWER KENT RIDGE ROAD, #01-32/33, NUH MEDICAL CENTRE, SG(119082)",
Watson's Personal Care Stores Pte Ltd (Paragon),Lim Shun Wei,"290, ORCHARD ROAD, #B1-27/27A, THE PARAGON, SG(238859)",
Watson's Personal Care Stores Pte Ltd (Parkway Parade),Jayaraj s/o Sanmuganathan,"80, MARINE PARADE ROAD, #B1-14/15/16, PARKWAY PARADE, SG(449269)",
Watson's Personal Care Stores Pte Ltd (Paya Lebar Quarter),Hor Mei Ling,"10, PAYA LEBAR ROAD, #02-19, SG(409057)",
Watson's Personal Care Stores Pte Ltd (Plaza Singapura),ANG WEI MIN,"68, ORCHARD ROAD, #B2-06-07, PLAZA SINGAPURA, SG(238839)",
Watson's Personal Care Stores Pte Ltd (Poiz Centre),Yang Jingxian,"51, UPPER SERANGOON ROAD, #01-55/56/57, THE POIZ CENTRE, SG(347697)",
Watson's Personal Care Stores Pte Ltd (Raffles City),Thong Yoke Kwan,"252, NORTH BRIDGE ROAD, #B1-42, RAFFLES CITY SHOPPING CENTRE, SG(179103)",
Watson's Personal Care Stores Pte Ltd (Tampines Mall),Lee Sock Hui,"4, TAMPINES CENTRAL 5, #B1-07/08/09, TAMPINES MALL, SG(529510)",
Watson's Personal Care Stores Pte Ltd (Toa Payoh HDB Hub),CHOO YAN CHENG,"190, LORONG 6 TOA PAYOH, #01-510, SG(310190)",
Watson's Personal Care Stores Pte Ltd (United Square),KOGULA PRIYAA VARLIVELL,"101, THOMSON ROAD, #B1-53, UNITED SQUARE, SG(307591)",
Watson's Personal Care Stores Pte Ltd (Vivo City),Emelyn Wong,"1, HARBOURFRONT WALK, #B2-15-17, VIVO CITY, SG(098585)",
Watson's Personal Care Stores Pte Ltd Ion Orchard,Joy chong Boon Ka,"2, ORCHARD TURN, #B4-12, ION ORCHARD, SG(238801)",
Welcia-BHG Bugis Junction,Tan Yoke Soon,"230, VICTORIA STREET, #01-18, BUGIS JUNCTION, SG(188024)",
Welcia-BHG Northpoint City,Jimmy Tan,"1, NORTHPOINT DRIVE, #B1-149, NORTHPOINT CITY, SG(768019)",
Welcia-BHG Raffles City,Chin Chee Sheng,"252, NORTH BRIDGE ROAD, #B1-25/26, RAFFLES CITY SHOPPING CENTRE, SG(179103)",
Welcia-BHG Suntec City,QUEK MING CHONG ELROY,"3, TEMASEK BOULEVARD, #01-610-611, SUNTEC CITY MALL, SG(038983)",
Welcia-BHG Woodlands MRT,YIP AI HUI,"30, WOODLANDS AVENUE 2, #01-42/43, WOODLANDS MRT STATION, SG(738343)",
WellAway Pharmacy,LIU MAO SHENG,N.A,
